{
  "properties": {
    "connectionReferences": {
      "shared_office365": {
        "runtimeSource": "invoker",
        "connection": {
          "connectionReferenceLogicalName": "pautil_sharedoffice365_c95ea"
        },
        "api": {
          "name": "shared_office365"
        }
      }
    },
    "definition": {
      "$schema": "https://schema.management.azure.com/providers/Microsoft.Logic/schemas/2016-06-01/workflowdefinition.json#",
      "contentVersion": "1.0.0.0",
      "parameters": {
        "$connections": {
          "defaultValue": {},
          "type": "Object"
        },
        "$authentication": {
          "defaultValue": {},
          "type": "SecureObject"
        }
      },
      "triggers": {
        "manual": {
          "metadata": {
            "operationMetadataId": "1f38c164-ba57-43bc-b300-b27e0a1aedfb"
          },
          "type": "Request",
          "kind": "Button",
          "inputs": {
            "schema": {
              "type": "object",
              "properties": {
                "text": {
                  "title": "WorkflowJSON",
                  "type": "string",
                  "x-ms-dynamically-added": true,
                  "description": "JSON from workflow() function",
                  "x-ms-content-hint": "TEXT"
                },
                "email": {
                  "title": "EmailToNotify",
                  "type": "string",
                  "format": "email",
                  "x-ms-dynamically-added": true,
                  "description": "Please enter an e-mail address to notify of error",
                  "x-ms-content-hint": "EMAIL"
                },
                "text_1": {
                  "title": "OptionalMessage",
                  "type": "string",
                  "x-ms-dynamically-added": true,
                  "description": "Enter an Optional Message to be included in the email notice",
                  "x-ms-content-hint": "TEXT"
                }
              },
              "required": [
                "text",
                "email"
              ]
            },
            "headersSchema": {
              "x-ms-user-email-encoded": {
                "title": "User email",
                "type": "string",
                "format": "byte",
                "x-ms-dynamically-added": false
              }
            }
          }
        }
      },
      "actions": {
        "Initialize_strWorkflowInput": {
          "runAfter": {
            "Initialize_strEmailForFallback_-_Modify_for_handling_error": [
              "Succeeded"
            ]
          },
          "metadata": {
            "operationMetadataId": "030fa92c-3ab5-4a4f-8609-fff2fe4fac57"
          },
          "type": "InitializeVariable",
          "inputs": {
            "variables": [
              {
                "name": "strWorkflowInput",
                "type": "string",
                "value": "@{string(triggerBody()['text'])}"
              }
            ]
          }
        },
        "Parse_WorkflowInput": {
          "runAfter": {
            "Initialize_strWorkflowInput": [
              "Succeeded"
            ]
          },
          "metadata": {
            "operationMetadataId": "4ed9ff0b-eb21-4415-a5ab-ca7fbd161bc4"
          },
          "type": "ParseJson",
          "inputs": {
            "content": "@variables('strWorkflowInput')",
            "schema": {
              "type": "object",
              "properties": {
                "id": {
                  "type": "string"
                },
                "name": {
                  "type": "string"
                },
                "type": {
                  "type": "string"
                },
                "location": {
                  "type": "string"
                },
                "tags": {
                  "type": "object",
                  "properties": {
                    "flowDisplayName": {
                      "type": "string"
                    },
                    "environmentName": {
                      "type": "string"
                    },
                    "environmentFlowSuspensionReason": {
                      "type": "string"
                    }
                  }
                },
                "run": {
                  "type": "object",
                  "properties": {
                    "id": {
                      "type": "string"
                    },
                    "name": {
                      "type": "string"
                    },
                    "type": {
                      "type": "string"
                    }
                  }
                }
              }
            }
          }
        },
        "Initialize_EnvironmentID": {
          "runAfter": {
            "Parse_WorkflowInput": [
              "Succeeded"
            ]
          },
          "metadata": {
            "operationMetadataId": "c930356f-7cac-4093-b137-ecf0bc312d1f"
          },
          "type": "InitializeVariable",
          "inputs": {
            "variables": [
              {
                "name": "strEnvironmentID",
                "type": "string",
                "value": "@body('Parse_WorkflowInput')?['tags']?['environmentName']"
              }
            ]
          }
        },
        "Initialize_strFlowID": {
          "runAfter": {
            "Initialize_EnvironmentID": [
              "Succeeded"
            ]
          },
          "metadata": {
            "operationMetadataId": "ddc9ba65-8b84-4ff9-8ded-0ca0cf161c4e"
          },
          "type": "InitializeVariable",
          "inputs": {
            "variables": [
              {
                "name": "strFlowID",
                "type": "string",
                "value": "@body('Parse_WorkflowInput')?['name']"
              }
            ]
          }
        },
        "Initialize_strRunID": {
          "runAfter": {
            "Initialize_strFlowID": [
              "Succeeded"
            ]
          },
          "metadata": {
            "operationMetadataId": "649d09dc-94ca-44e5-9baa-e9330e1616c3"
          },
          "type": "InitializeVariable",
          "inputs": {
            "variables": [
              {
                "name": "strRunID",
                "type": "string",
                "value": "@{body('Parse_WorkflowInput')?['run']?['name']}"
              }
            ]
          }
        },
        "Initialize_URLToFlowRun": {
          "runAfter": {
            "Initialize_strRunID": [
              "Succeeded"
            ]
          },
          "metadata": {
            "operationMetadataId": "0f1674d3-6136-46cd-b0fc-87df99fd102f"
          },
          "type": "InitializeVariable",
          "inputs": {
            "variables": [
              {
                "name": "strURLToFlowRun",
                "type": "string",
                "value": "@{concat(variables('strFlowBaseURL'),'/manage/environments/',variables('strEnvironmentID'),'/flows/',variables('strFlowID'),'/runs/',variables('strRunID'))}"
              }
            ]
          }
        },
        "Initialize_ClickableLink": {
          "runAfter": {
            "Initialize_URLToFlowRun": [
              "Succeeded"
            ]
          },
          "metadata": {
            "operationMetadataId": "2646a361-05c6-4746-8c55-83e1f171a841"
          },
          "type": "InitializeVariable",
          "inputs": {
            "variables": [
              {
                "name": "ClickableLink",
                "type": "string",
                "value": "@{concat('<a href=',variables('strURLToFlowRun'),'>Click here for Flow Run Details</a>')}"
              }
            ]
          }
        },
        "Try": {
          "actions": {
            "Send_an_email_(V2)": {
              "runAfter": {},
              "metadata": {
                "operationMetadataId": "3e0f9380-841c-4a0c-8690-0e7e87d73005"
              },
              "type": "OpenApiConnection",
              "inputs": {
                "host": {
                  "connectionName": "shared_office365",
                  "operationId": "SendEmailV2",
                  "apiId": "/providers/Microsoft.PowerApps/apis/shared_office365"
                },
                "parameters": {
                  "emailMessage/To": "@triggerBody()['email']",
                  "emailMessage/Subject": "Cloud Flow Error!",
                  "emailMessage/Body": "<p>This Power Automate Cloud Flow experienced a failure. Please click the link to review the issue.<br>\n<br>\nFlow: @{body('Parse_WorkflowInput')?['tags']?['flowDisplayName']}<br>\nLink to Flow Run: @{variables('ClickableLink')}<br>\n@{variables('strOptionalMessage')}</p>"
                },
                "authentication": {
                  "type": "Raw",
                  "value": "@json(decodeBase64(triggerOutputs().headers['X-MS-APIM-Tokens']))['$ConnectionKey']"
                }
              }
            },
            "Respond_to_a_PowerApp_or_flow": {
              "runAfter": {
                "Send_an_email_(V2)": [
                  "Succeeded"
                ]
              },
              "metadata": {
                "operationMetadataId": "9fca0d89-8b82-4e83-944b-7d4c2e49fa74"
              },
              "type": "Response",
              "kind": "PowerApp",
              "inputs": {
                "statusCode": 200,
                "body": {},
                "schema": {
                  "type": "object",
                  "properties": {}
                }
              }
            }
          },
          "runAfter": {
            "Initialize_strOptionalMessage": [
              "Succeeded"
            ]
          },
          "metadata": {
            "operationMetadataId": "43cdffe0-d1ea-4ac4-92ca-8cd625ce142f"
          },
          "type": "Scope"
        },
        "Catch": {
          "actions": {
            "Send_an_email_-_***_Check_the_TO_LINE": {
              "runAfter": {},
              "metadata": {
                "operationMetadataId": "a7dff2ec-0733-4cd9-8c68-02652e9e7bb4"
              },
              "type": "OpenApiConnection",
              "inputs": {
                "host": {
                  "connectionName": "shared_office365",
                  "operationId": "SendEmailV2",
                  "apiId": "/providers/Microsoft.PowerApps/apis/shared_office365"
                },
                "parameters": {
                  "emailMessage/To": "@variables('strEmailForFallback')",
                  "emailMessage/Subject": "Cloud Flow Error Handler Failure!",
                  "emailMessage/Body": "<p>Trying to handle an error in ChildFlow.ErrorHandler, but the handler failed to send the email!<br>\n<br>\n<br>\n-------------------<br>\nOriginating Flow: @{body('Parse_WorkflowInput')?['tags']?['flowDisplayName']}<br>\nURL to Originating: @{variables('ClickableLink')}</p>"
                },
                "authentication": {
                  "type": "Raw",
                  "value": "@json(decodeBase64(triggerOutputs().headers['X-MS-APIM-Tokens']))['$ConnectionKey']"
                }
              }
            },
            "Respond_to_a_PowerApp_or_flow_2": {
              "runAfter": {
                "Send_an_email_-_***_Check_the_TO_LINE": [
                  "Succeeded"
                ]
              },
              "metadata": {
                "operationMetadataId": "12553507-3c36-4fd3-86ca-eb5e13e0a7d1"
              },
              "type": "Response",
              "kind": "PowerApp",
              "inputs": {
                "statusCode": 200,
                "body": {},
                "schema": {
                  "type": "object",
                  "properties": {}
                }
              }
            }
          },
          "runAfter": {
            "Try": [
              "Failed",
              "TimedOut"
            ]
          },
          "metadata": {
            "operationMetadataId": "088da46e-0afb-4d66-818f-1c953a808917"
          },
          "type": "Scope",
          "description": "What's missing? What other data could be useful to the IT team?"
        },
        "Initialize_strFlowBaseURL_-_Modify_for_Commercial_or_GCC": {
          "runAfter": {},
          "metadata": {
            "operationMetadataId": "c82c2028-24fb-4ccf-983b-79c8b87f3327"
          },
          "type": "InitializeVariable",
          "inputs": {
            "variables": [
              {
                "name": "strFlowBaseURL",
                "type": "string",
                "value": "https://us.flow.microsoft.com"
              }
            ]
          },
          "description": "US Commercial: https://us.flow.microsoft.com     GCC: https://gov.flow.microsoft.us/"
        },
        "Initialize_strOptionalMessage": {
          "runAfter": {
            "Initialize_ClickableLink": [
              "Succeeded"
            ]
          },
          "metadata": {
            "operationMetadataId": "d737c5bd-17a2-4ac3-8291-2949a1559c21"
          },
          "type": "InitializeVariable",
          "inputs": {
            "variables": [
              {
                "name": "strOptionalMessage",
                "type": "string",
                "value": "@{if(empty(triggerBody()['text_1']),'',concat('Optional Message: ', triggerBody()['text_1'],'<br/>'))}"
              }
            ]
          }
        },
        "Initialize_strEmailForFallback_-_Modify_for_handling_error": {
          "runAfter": {
            "Initialize_strFlowBaseURL_-_Modify_for_Commercial_or_GCC": [
              "Succeeded"
            ]
          },
          "metadata": {
            "operationMetadataId": "31d86129-cf76-401c-bc65-e4a9ac37e88b"
          },
          "type": "InitializeVariable",
          "inputs": {
            "variables": [
              {
                "name": "strEmailForFallback",
                "type": "string",
                "value": "itadminteam@yourorg.com"
              }
            ]
          },
          "description": "Update this to a specific valid email address for fallback in case this flow fails. Used in the 'Catch' below"
        }
      },
      "outputs": {}
    }
  },
  "schemaVersion": "1.0.0.0"
}