{
  "properties": {
    "connectionReferences": {
      "shared_commondataserviceforapps_1": {
        "runtimeSource": "embedded",
        "connection": {
          "connectionReferenceLogicalName": "pautil_CRDataversePAUtilitiesc95ea"
        },
        "api": {
          "name": "shared_commondataserviceforapps"
        }
      }
    },
    "definition": {
      "$schema": "https://schema.management.azure.com/providers/Microsoft.Logic/schemas/2016-06-01/workflowdefinition.json#",
      "contentVersion": "1.0.0.0",
      "parameters": {
        "$connections": {
          "defaultValue": {},
          "type": "Object"
        },
        "$authentication": {
          "defaultValue": {},
          "type": "SecureObject"
        }
      },
      "triggers": {
        "manual": {
          "metadata": {
            "operationMetadataId": "a8389150-50a3-4671-b93b-aa94385430ed"
          },
          "type": "Request",
          "kind": "Button",
          "inputs": {
            "schema": {
              "type": "object",
              "properties": {
                "text": {
                  "title": "tableName",
                  "type": "string",
                  "x-ms-dynamically-added": true,
                  "description": "SDK Table Name - PLURAL version",
                  "x-ms-content-hint": "TEXT"
                },
                "text_1": {
                  "title": "columnName",
                  "type": "string",
                  "x-ms-dynamically-added": true,
                  "description": "SDK Column name to search",
                  "x-ms-content-hint": "TEXT"
                },
                "text_2": {
                  "title": "columnValue",
                  "type": "string",
                  "x-ms-dynamically-added": true,
                  "description": "Value to Search For - wrap in single quotes",
                  "x-ms-content-hint": "TEXT"
                }
              },
              "required": [
                "text",
                "text_1",
                "text_2"
              ]
            }
          }
        }
      },
      "actions": {
        "Initialize_strReturnValue": {
          "runAfter": {},
          "metadata": {
            "operationMetadataId": "865f4a1f-0dc7-42ff-80d6-4a8c8167a851"
          },
          "type": "InitializeVariable",
          "inputs": {
            "variables": [
              {
                "name": "strReturnValue",
                "type": "string",
                "value": "DID_NOT_FIND"
              }
            ]
          }
        },
        "Try": {
          "actions": {
            "List_-_Get_Row_by_Name_Value": {
              "runAfter": {},
              "metadata": {
                "operationMetadataId": "c1acf31e-3205-4ac7-99d8-ef1cf6c72533"
              },
              "type": "OpenApiConnection",
              "inputs": {
                "host": {
                  "connectionName": "shared_commondataserviceforapps_1",
                  "operationId": "ListRecords",
                  "apiId": "/providers/Microsoft.PowerApps/apis/shared_commondataserviceforapps"
                },
                "parameters": {
                  "entityName": "@triggerBody()['text']",
                  "$filter": "@{triggerBody()['text_1']} eq @{triggerBody()['text_2']}",
                  "$top": 1
                },
                "authentication": {
                  "type": "Raw",
                  "value": "@json(decodeBase64(triggerOutputs().headers['X-MS-APIM-Tokens']))['$ConnectionKey']"
                }
              }
            },
            "Respond_to_a_PowerApp_or_flow": {
              "runAfter": {
                "Apply_to_each": [
                  "Succeeded"
                ]
              },
              "metadata": {
                "operationMetadataId": "a96132f4-e5fe-4238-bac1-78f9537d9511"
              },
              "type": "Response",
              "kind": "PowerApp",
              "inputs": {
                "statusCode": 200,
                "body": {
                  "guidrecordid": "@variables('strReturnValue')"
                },
                "schema": {
                  "type": "object",
                  "properties": {
                    "guidrecordid": {
                      "title": "guidRecordID",
                      "x-ms-dynamically-added": true,
                      "type": "string"
                    }
                  }
                }
              }
            },
            "Apply_to_each": {
              "foreach": "@outputs('List_-_Get_Row_by_Name_Value')?['body/value']",
              "actions": {
                "Set_strReturnValue": {
                  "runAfter": {},
                  "metadata": {
                    "operationMetadataId": "f33be8f2-8d18-4fba-bd5e-d25baafc9e85"
                  },
                  "type": "SetVariable",
                  "inputs": {
                    "name": "strReturnValue",
                    "value": "@{substring(items('Apply_to_each')['@odata.editLink'], add(indexOf(items('Apply_to_each')['@odata.editLink'],'('),1),36)}"
                  },
                  "description": "substring(items('Apply_to_each')['@odata.editLink'], add(indexOf(items('Apply_to_each')['@odata.editLink'],'('),1),36)"
                }
              },
              "runAfter": {
                "List_-_Get_Row_by_Name_Value": [
                  "Succeeded"
                ]
              },
              "metadata": {
                "operationMetadataId": "4162c043-393d-46e9-9179-05a11ac7bcdd"
              },
              "type": "Foreach"
            }
          },
          "runAfter": {
            "Initialize_strReturnValue": [
              "Succeeded"
            ]
          },
          "metadata": {
            "operationMetadataId": "24c4f629-b71a-4e7f-8675-f32de01a2531"
          },
          "type": "Scope"
        },
        "Catch": {
          "actions": {
            "Respond_to_a_PowerApp_or_flow_2": {
              "runAfter": {},
              "metadata": {
                "operationMetadataId": "8b00a026-dfbe-48e6-8e1e-c7c3b8e4f1c8"
              },
              "type": "Response",
              "kind": "PowerApp",
              "inputs": {
                "statusCode": 200,
                "body": {
                  "guidrecordid": "DID_NOT_FIND FAILED!"
                },
                "schema": {
                  "type": "object",
                  "properties": {
                    "guidrecordid": {
                      "title": "guidRecordID",
                      "x-ms-dynamically-added": true,
                      "type": "string"
                    }
                  }
                }
              }
            },
            "Terminate": {
              "runAfter": {
                "Respond_to_a_PowerApp_or_flow_2": [
                  "Succeeded"
                ]
              },
              "metadata": {
                "operationMetadataId": "5c484962-3167-4333-a3da-cdab859cda07"
              },
              "type": "Terminate",
              "inputs": {
                "runStatus": "Failed",
                "runError": {
                  "code": "9999",
                  "message": "Error Getting the Guid for the row!!!"
                }
              }
            }
          },
          "runAfter": {
            "Try": [
              "Failed",
              "TimedOut"
            ]
          },
          "metadata": {
            "operationMetadataId": "30358b10-87f7-4e33-899b-c1b85d92bc6b"
          },
          "type": "Scope"
        }
      }
    }
  },
  "schemaVersion": "1.0.0.0"
}