{
  "properties": {
    "connectionReferences": {},
    "definition": {
      "$schema": "https://schema.management.azure.com/providers/Microsoft.Logic/schemas/2016-06-01/workflowdefinition.json#",
      "contentVersion": "1.0.0.0",
      "parameters": {
        "$authentication": {
          "defaultValue": {},
          "type": "SecureObject"
        }
      },
      "triggers": {
        "manual": {
          "metadata": {
            "operationMetadataId": "0c2d4660-7a84-45df-bf9e-a6e8bdda644e"
          },
          "type": "Request",
          "kind": "Button",
          "inputs": {
            "schema": {
              "type": "object",
              "properties": {
                "text": {
                  "title": "varRecordBody",
                  "type": "string",
                  "x-ms-dynamically-added": true,
                  "description": "Send the BODY of a Get Row by ID Action",
                  "x-ms-content-hint": "TEXT"
                }
              },
              "required": [
                "text"
              ]
            }
          },
          "description": "This Flow needs the BODY from a Get Row by ID action."
        }
      },
      "actions": {
        "Initialize_strReturnURL": {
          "runAfter": {
            "Parse_JSON": [
              "Succeeded"
            ]
          },
          "metadata": {
            "operationMetadataId": "0085b424-33c5-4aa1-8633-3b8e60bf10f6"
          },
          "type": "InitializeVariable",
          "inputs": {
            "variables": [
              {
                "name": "strReturnURL",
                "type": "string"
              }
            ]
          }
        },
        "Initialize_strBaseEnvironmentURL": {
          "runAfter": {
            "Initialize_strReturnURL": [
              "Succeeded"
            ]
          },
          "metadata": {
            "operationMetadataId": "275a55d5-a53b-4658-854a-804f7ecea7f3"
          },
          "type": "InitializeVariable",
          "inputs": {
            "variables": [
              {
                "name": "strBaseEnvironmentURL",
                "type": "string",
                "value": "@{concat('https://', uriHost(body('Parse_JSON')?['@odata.context']), '/main.aspx?newWindow=true&pagetype=entityrecord&etn=')}"
              }
            ]
          },
          "description": "concat('https://', uriHost(body('Parse_JSON')?['@odata.context']), '/main.aspx?newWindow=true&pagetype=entityrecord&etn=')"
        },
        "Initialize_strRecordGUID": {
          "runAfter": {
            "Initialize_strBaseEnvironmentURL": [
              "Succeeded"
            ]
          },
          "metadata": {
            "operationMetadataId": "3a420bf7-02e0-42f4-b066-1693a0671a22"
          },
          "type": "InitializeVariable",
          "inputs": {
            "variables": [
              {
                "name": "strRecordGUID",
                "type": "string",
                "value": "@{substring(body('Parse_JSON')?['@odata.editLink'],add(lastIndexOf(body('Parse_JSON')?['@odata.editLink'],'('),1),36)}"
              }
            ]
          },
          "description": "substring(body('Parse_JSON')?['@odata.editLink'],add(lastIndexOf(body('Parse_JSON')?['@odata.editLink'],'('),1),36)"
        },
        "Initialize_strEntityName": {
          "runAfter": {
            "Initialize_strRecordGUID": [
              "Succeeded"
            ]
          },
          "metadata": {
            "operationMetadataId": "071e3114-fa0b-483b-a489-e2c26e7cc531"
          },
          "type": "InitializeVariable",
          "inputs": {
            "variables": [
              {
                "name": "strEntityName",
                "type": "string",
                "value": "@{substring(body('Parse_JSON')?['@odata.type'],add(lastIndexOf(body('Parse_JSON')?['@odata.type'],'.'),1))}"
              }
            ]
          },
          "description": "substring(body('Parse_JSON')?['@odata.type'],add(lastIndexOf(body('Parse_JSON')?['@odata.type'],'.'),1))"
        },
        "Set_Return_URL": {
          "runAfter": {
            "Initialize_strEntityName": [
              "Succeeded"
            ]
          },
          "metadata": {
            "operationMetadataId": "d99ecdf7-e9c3-4e1f-a5c7-3e4743e3e5cf"
          },
          "type": "SetVariable",
          "inputs": {
            "name": "strReturnURL",
            "value": "@{concat(variables('strBaseEnvironmentURL'),variables('strEntityName'),'&id=',variables('strRecordGUID'))}"
          },
          "description": "concat(variables('strBaseEnvironmentURL'),variables('strEntityName'),'&id=',variables('strRecordGUID'))"
        },
        "Respond_to_a_PowerApp_or_flow": {
          "runAfter": {
            "Set_Return_URL": [
              "Succeeded"
            ]
          },
          "metadata": {
            "operationMetadataId": "c4ea2720-f1df-4460-89b9-8d5e076366cb"
          },
          "type": "Response",
          "kind": "PowerApp",
          "inputs": {
            "statusCode": 200,
            "body": {
              "recordurl": "@variables('strReturnURL')"
            },
            "schema": {
              "type": "object",
              "properties": {
                "recordurl": {
                  "title": "RecordURL",
                  "x-ms-dynamically-added": true,
                  "type": "string"
                }
              }
            }
          }
        },
        "Parse_JSON": {
          "runAfter": {},
          "metadata": {
            "operationMetadataId": "56ee9ad7-bd99-48ac-8dfc-dfdd776c5156"
          },
          "type": "ParseJson",
          "inputs": {
            "content": "@triggerBody()['text']",
            "schema": {
              "type": "object",
              "properties": {
                "@@odata.context": {
                  "type": "string"
                },
                "@@odata.type": {
                  "type": "string"
                },
                "@@odata.id": {
                  "type": "string"
                },
                "@@odata.etag": {
                  "type": "string"
                },
                "@@odata.editLink": {
                  "type": "string"
                }
              }
            }
          }
        }
      },
      "outputs": {}
    }
  },
  "schemaVersion": "1.0.0.0"
}