{
  "properties": {
    "connectionReferences": {
      "shared_commondataserviceforapps": {
        "runtimeSource": "embedded",
        "connection": {
          "connectionReferenceLogicalName": "pautil_CRDataversePAUtilitiesc95ea"
        },
        "api": {
          "name": "shared_commondataserviceforapps"
        }
      }
    },
    "definition": {
      "$schema": "https://schema.management.azure.com/providers/Microsoft.Logic/schemas/2016-06-01/workflowdefinition.json#",
      "contentVersion": "1.0.0.0",
      "parameters": {
        "$connections": {
          "defaultValue": {},
          "type": "Object"
        },
        "$authentication": {
          "defaultValue": {},
          "type": "SecureObject"
        }
      },
      "triggers": {
        "manual": {
          "metadata": {
            "operationMetadataId": "0d090f3e-665c-4705-bca8-078717348dbd"
          },
          "type": "Request",
          "kind": "Button",
          "inputs": {
            "schema": {
              "type": "object",
              "properties": {
                "text": {
                  "title": "strTeamGUID",
                  "type": "string",
                  "x-ms-dynamically-added": true,
                  "description": "Guid for Team to get members from",
                  "x-ms-content-hint": "TEXT"
                }
              },
              "required": [
                "text"
              ]
            }
          }
        }
      },
      "actions": {
        "Initialize_strActivityParties": {
          "runAfter": {
            "Initialize_strPatricipationTypeMask_-_**_Edit_if_you_want_CC_or_BCC": [
              "Succeeded"
            ]
          },
          "metadata": {
            "operationMetadataId": "2ff6ab0c-0d7e-4fd1-8e66-576cb20a75e4"
          },
          "type": "InitializeVariable",
          "inputs": {
            "variables": [
              {
                "name": "strActivityParties",
                "type": "string"
              }
            ]
          }
        },
        "Initialize_strResponse": {
          "runAfter": {
            "Initialize_strActivityParties": [
              "Succeeded"
            ]
          },
          "metadata": {
            "operationMetadataId": "72504098-e42f-41d4-8648-cfd56dfe5c9e"
          },
          "type": "InitializeVariable",
          "inputs": {
            "variables": [
              {
                "name": "strResponse",
                "type": "string",
                "value": "NOREPONSE"
              }
            ]
          }
        },
        "List_team_members_for_team": {
          "runAfter": {
            "Initialize_strTempVar": [
              "Succeeded"
            ]
          },
          "metadata": {
            "operationMetadataId": "df7254bc-d5a9-4de2-bbc3-c2b3c4ad8a45"
          },
          "type": "OpenApiConnection",
          "inputs": {
            "host": {
              "connectionName": "shared_commondataserviceforapps",
              "operationId": "ListRecords",
              "apiId": "/providers/Microsoft.PowerApps/apis/shared_commondataserviceforapps"
            },
            "parameters": {
              "entityName": "teammemberships",
              "$filter": "teamid eq @{triggerBody()['text']}"
            },
            "authentication": {
              "type": "Raw",
              "value": "@json(decodeBase64(triggerOutputs().headers['X-MS-APIM-Tokens']))['$ConnectionKey']"
            }
          }
        },
        "Apply_to_each": {
          "foreach": "@outputs('List_team_members_for_team')?['body/value']",
          "actions": {
            "Append_to_-_add_User_GUID": {
              "runAfter": {
                "Append_to_-_start_Activity_Party_--_***_Edit_mask_number_if_needed": [
                  "Succeeded"
                ]
              },
              "metadata": {
                "operationMetadataId": "ccce2da4-8cc5-4dc0-8813-63e916bdd6e5"
              },
              "type": "AppendToStringVariable",
              "inputs": {
                "name": "strActivityParties",
                "value": "@items('Apply_to_each')?['systemuserid']"
              }
            },
            "Increment_Total_Count": {
              "runAfter": {
                "Append_to_-_close_out_party": [
                  "Succeeded"
                ]
              },
              "metadata": {
                "operationMetadataId": "0ef5cdea-e1c4-48c2-bb62-1f1a4c00e94a"
              },
              "type": "IncrementVariable",
              "inputs": {
                "name": "intTotalCount",
                "value": 1
              }
            },
            "Append_to_-_close_out_party": {
              "runAfter": {
                "Append_to_-_add_User_GUID": [
                  "Succeeded"
                ]
              },
              "metadata": {
                "operationMetadataId": "0d2af08b-38e7-4e5f-a1a9-94d7d64736fa"
              },
              "type": "AppendToStringVariable",
              "inputs": {
                "name": "strActivityParties",
                "value": ")\"},"
              }
            },
            "Append_to_-_start_Activity_Party_--_***_Edit_mask_number_if_needed": {
              "runAfter": {},
              "metadata": {
                "operationMetadataId": "23899944-9c50-40d9-ae0a-cfee5480f321"
              },
              "type": "AppendToStringVariable",
              "inputs": {
                "name": "strActivityParties",
                "value": "{\"participationtypemask\" : @{variables('strPatricipationTypeMask')}, \"partyid@odata.bind\" : \"/systemusers("
              },
              "description": "Change Mask number from TO (2) for CC (3) or BCC (4)"
            }
          },
          "runAfter": {
            "List_team_members_for_team": [
              "Succeeded"
            ]
          },
          "metadata": {
            "operationMetadataId": "d4ca9e70-5491-4ee1-ad07-5d8369ae7acb"
          },
          "type": "Foreach",
          "runtimeConfiguration": {
            "concurrency": {
              "repetitions": 1
            }
          }
        },
        "Initialize_intTotalCount": {
          "runAfter": {
            "Initialize_strResponse": [
              "Succeeded"
            ]
          },
          "metadata": {
            "operationMetadataId": "cade95a5-fd10-48b7-9f83-accafd5fd395"
          },
          "type": "InitializeVariable",
          "inputs": {
            "variables": [
              {
                "name": "intTotalCount",
                "type": "integer",
                "value": 0
              }
            ]
          }
        },
        "Check_if_the_count_GT_0": {
          "actions": {
            "Condition": {
              "actions": {
                "Remove_trailing_comma": {
                  "runAfter": {},
                  "metadata": {
                    "operationMetadataId": "93cc8788-d5d8-4f6b-bf21-13e3f9e9e225"
                  },
                  "type": "SetVariable",
                  "inputs": {
                    "name": "strTempVar",
                    "value": "@{substring(variables('strActivityParties'), 0, sub(length(variables('strActivityParties')),1))}"
                  }
                },
                "Reset_Activity_parties_without_the_trailing_comma": {
                  "runAfter": {
                    "Remove_trailing_comma": [
                      "Succeeded"
                    ]
                  },
                  "metadata": {
                    "operationMetadataId": "a02d3728-af00-4b2e-93ef-05da30d46d30"
                  },
                  "type": "SetVariable",
                  "inputs": {
                    "name": "strActivityParties",
                    "value": "@variables('strTempVar')"
                  }
                }
              },
              "runAfter": {},
              "expression": {
                "endsWith": [
                  "@variables('strActivityParties')",
                  ","
                ]
              },
              "metadata": {
                "operationMetadataId": "1402f8d5-9612-4cee-977b-681e08c79b89"
              },
              "type": "If"
            },
            "Set_variable_-_add_brackets": {
              "runAfter": {
                "Condition": [
                  "Succeeded"
                ]
              },
              "metadata": {
                "operationMetadataId": "04e106e7-de23-48bf-903c-ddaaae9080a5"
              },
              "type": "SetVariable",
              "inputs": {
                "name": "strTempVar",
                "value": "@{concat('[',variables('strActivityParties'),']')}"
              }
            },
            "Set_variable_-_activity_parties": {
              "runAfter": {
                "Set_variable_-_add_brackets": [
                  "Succeeded"
                ]
              },
              "metadata": {
                "operationMetadataId": "44069179-edee-46bf-ab76-e0511798fb7e"
              },
              "type": "SetVariable",
              "inputs": {
                "name": "strActivityParties",
                "value": "@variables('strTempVar')"
              }
            },
            "Set_Response": {
              "runAfter": {
                "Set_variable_-_activity_parties": [
                  "Succeeded"
                ]
              },
              "metadata": {
                "operationMetadataId": "941f40da-58f8-48e0-a4ab-32a53af4b5ae"
              },
              "type": "SetVariable",
              "inputs": {
                "name": "strResponse",
                "value": "@variables('strActivityParties')"
              }
            }
          },
          "runAfter": {
            "Apply_to_each": [
              "Succeeded"
            ]
          },
          "expression": {
            "greater": [
              "@variables('intTotalCount')",
              0
            ]
          },
          "metadata": {
            "operationMetadataId": "ab7aab2e-dccc-4ec6-b802-c65a11fd7899"
          },
          "type": "If"
        },
        "Initialize_strTempVar": {
          "runAfter": {
            "Initialize_intTotalCount": [
              "Succeeded"
            ]
          },
          "metadata": {
            "operationMetadataId": "3f6ce192-1638-48c0-a04d-ed2af3a617c7"
          },
          "type": "InitializeVariable",
          "inputs": {
            "variables": [
              {
                "name": "strTempVar",
                "type": "string"
              }
            ]
          }
        },
        "Respond_to_a_PowerApp_or_flow": {
          "runAfter": {
            "Check_if_the_count_GT_0": [
              "Succeeded"
            ]
          },
          "metadata": {
            "operationMetadataId": "a1f633a5-71c6-498a-8319-75a067b07338"
          },
          "type": "Response",
          "kind": "PowerApp",
          "inputs": {
            "statusCode": 200,
            "body": {
              "activitypartylist": "@variables('strResponse')",
              "partylistcount": "@{variables('intTotalCount')}"
            },
            "schema": {
              "type": "object",
              "properties": {
                "activitypartylist": {
                  "title": "ActivityPartyList",
                  "x-ms-dynamically-added": true,
                  "type": "string"
                },
                "partylistcount": {
                  "title": "PartyListCount",
                  "x-ms-dynamically-added": true,
                  "type": "number"
                }
              }
            }
          }
        },
        "Initialize_strPatricipationTypeMask_-_**_Edit_if_you_want_CC_or_BCC": {
          "runAfter": {},
          "metadata": {
            "operationMetadataId": "e1387061-ec8f-4e7e-bec4-6a30721f7c57"
          },
          "type": "InitializeVariable",
          "inputs": {
            "variables": [
              {
                "name": "strPatricipationTypeMask",
                "type": "string",
                "value": "2"
              }
            ]
          },
          "description": "Change Mask number from TO (2) for CC (3) or BCC (4)"
        }
      },
      "outputs": {}
    }
  },
  "schemaVersion": "1.0.0.0"
}