<ImportExportXml xmlns:xsi="http://www.w3.org/2001/XMLSchema-instance">
  <Entities></Entities>
  <Roles></Roles>
  <Workflows>
    <Workflow WorkflowId="{a57f3b56-b4ce-eb11-bacc-0022481d0991}" Name="PAUTIL.PA.ChildFlow.GetTeamMemberEmails" Description="Pass in a Team GUID. Flow will loop through members of the team and return a semi-colon delimited list of email addresses for each team member from their user record. List can be used in an outlook email action.">
      <JsonFileName>/Workflows/PAUTILPAChildFlowGetTeamMemberEmails-A57F3B56-B4CE-EB11-BACC-0022481D0991.json</JsonFileName>
      <Type>1</Type>
      <Subprocess>0</Subprocess>
      <Category>5</Category>
      <Mode>0</Mode>
      <Scope>4</Scope>
      <OnDemand>0</OnDemand>
      <TriggerOnCreate>0</TriggerOnCreate>
      <TriggerOnDelete>0</TriggerOnDelete>
      <AsyncAutodelete>0</AsyncAutodelete>
      <SyncWorkflowLogOnFailure>0</SyncWorkflowLogOnFailure>
      <StateCode>1</StateCode>
      <StatusCode>2</StatusCode>
      <RunAs>1</RunAs>
      <IsTransacted>1</IsTransacted>
      <IntroducedVersion>2021.06.14.1</IntroducedVersion>
      <IsCustomizable>1</IsCustomizable>
      <IsCustomProcessingStepAllowedForOtherPublishers>1</IsCustomProcessingStepAllowedForOtherPublishers>
      <PrimaryEntity>none</PrimaryEntity>
      <LocalizedNames>
        <LocalizedName languagecode="1033" description="PAUTIL.PA.ChildFlow.GetTeamMemberEmails" />
      </LocalizedNames>
      <Descriptions>
        <Description languagecode="1033" description="Pass in a Team GUID. Flow will loop through members of the team and return a semi-colon delimited list of email addresses for each team member from their user record. List can be used in an outlook email action." />
      </Descriptions>
    </Workflow>
    <Workflow WorkflowId="{fa170b59-6dcf-eb11-bacc-0022481d0991}" Name="PAUTIL.PA.ChildFlow.ErrorHandler" Description="Pass in the workflow() and Email Address to notify from a flow to send out an email that an error has occurred.">
      <JsonFileName>/Workflows/PAUTILPAChildFlowErrorHandler-FA170B59-6DCF-EB11-BACC-0022481D0991.json</JsonFileName>
      <Type>1</Type>
      <Subprocess>0</Subprocess>
      <Category>5</Category>
      <Mode>0</Mode>
      <Scope>4</Scope>
      <OnDemand>0</OnDemand>
      <TriggerOnCreate>0</TriggerOnCreate>
      <TriggerOnDelete>0</TriggerOnDelete>
      <AsyncAutodelete>0</AsyncAutodelete>
      <SyncWorkflowLogOnFailure>0</SyncWorkflowLogOnFailure>
      <StateCode>0</StateCode>
      <StatusCode>1</StatusCode>
      <RunAs>1</RunAs>
      <IsTransacted>1</IsTransacted>
      <IntroducedVersion>2021.06.14.1</IntroducedVersion>
      <IsCustomizable>1</IsCustomizable>
      <IsCustomProcessingStepAllowedForOtherPublishers>1</IsCustomProcessingStepAllowedForOtherPublishers>
      <PrimaryEntity>none</PrimaryEntity>
      <LocalizedNames>
        <LocalizedName languagecode="1033" description="PAUTIL.PA.ChildFlow.ErrorHandler" />
      </LocalizedNames>
      <Descriptions>
        <Description languagecode="1033" description="Pass in the workflow() and Email Address to notify from a flow to send out an email that an error has occurred." />
      </Descriptions>
    </Workflow>
    <Workflow WorkflowId="{8959c5e2-95cf-eb11-bacc-0022481d0991}" Name="PAUTIL.PA.ChildFlow.GetRowURL" Description="Pass in the BODY of a Dataverse 'Get Row by ID' action. Flow will parse the returned data to get the URL to the specific row. This can then be included in Emails or written directly to the row in a custom field.">
      <JsonFileName>/Workflows/PAUTILPAChildFlowGetRowURL-8959C5E2-95CF-EB11-BACC-0022481D0991.json</JsonFileName>
      <Type>1</Type>
      <Subprocess>0</Subprocess>
      <Category>5</Category>
      <Mode>0</Mode>
      <Scope>4</Scope>
      <OnDemand>0</OnDemand>
      <TriggerOnCreate>0</TriggerOnCreate>
      <TriggerOnDelete>0</TriggerOnDelete>
      <AsyncAutodelete>0</AsyncAutodelete>
      <SyncWorkflowLogOnFailure>0</SyncWorkflowLogOnFailure>
      <StateCode>1</StateCode>
      <StatusCode>2</StatusCode>
      <RunAs>1</RunAs>
      <IsTransacted>1</IsTransacted>
      <IntroducedVersion>2021.06.14.1</IntroducedVersion>
      <IsCustomizable>1</IsCustomizable>
      <IsCustomProcessingStepAllowedForOtherPublishers>1</IsCustomProcessingStepAllowedForOtherPublishers>
      <PrimaryEntity>none</PrimaryEntity>
      <LocalizedNames>
        <LocalizedName languagecode="1033" description="PAUTIL.PA.ChildFlow.GetRowURL" />
      </LocalizedNames>
      <Descriptions>
        <Description languagecode="1033" description="Pass in the BODY of a Dataverse 'Get Row by ID' action. Flow will parse the returned data to get the URL to the specific row. This can then be included in Emails or written directly to the row in a custom field." />
      </Descriptions>
    </Workflow>
    <Workflow WorkflowId="{3016973a-cf14-ed11-b83d-0022481d1eda}" Name="PAUTIL.PA.Child.GetGuidByName" Description="Pass in a table name, column name, and column value to search the entity for that specific row, then return the GUID for that row. E.g.: Search the Teams table for a specific team by Name, then return the GUID for that Team.">
      <JsonFileName>/Workflows/PAUTILPAChildGetGuidByName-3016973A-CF14-ED11-B83D-0022481D1EDA.json</JsonFileName>
      <Type>1</Type>
      <Subprocess>0</Subprocess>
      <Category>5</Category>
      <Mode>0</Mode>
      <Scope>4</Scope>
      <OnDemand>0</OnDemand>
      <TriggerOnCreate>0</TriggerOnCreate>
      <TriggerOnDelete>0</TriggerOnDelete>
      <AsyncAutodelete>0</AsyncAutodelete>
      <SyncWorkflowLogOnFailure>0</SyncWorkflowLogOnFailure>
      <StateCode>1</StateCode>
      <StatusCode>2</StatusCode>
      <RunAs>1</RunAs>
      <IsTransacted>1</IsTransacted>
      <IntroducedVersion>1.0.0.16</IntroducedVersion>
      <IsCustomizable>1</IsCustomizable>
      <IsCustomProcessingStepAllowedForOtherPublishers>1</IsCustomProcessingStepAllowedForOtherPublishers>
      <PrimaryEntity>none</PrimaryEntity>
      <LocalizedNames>
        <LocalizedName languagecode="1033" description="PAUTIL.PA.Child.GetGuidByName" />
      </LocalizedNames>
      <Descriptions>
        <Description languagecode="1033" description="Pass in a table name, column name, and column value to search the entity for that specific row, then return the GUID for that row. E.g.: Search the Teams table for a specific team by Name, then return the GUID for that Team." />
      </Descriptions>
    </Workflow>
    <Workflow WorkflowId="{4b5ea8b3-d7ce-eb11-bacc-0022481e3aa5}" Name="PAUTIL.PA.ChildFlow.GetTeamMembersActivityPartyList" Description="Pass in a GUID for a Team. Flow will get the members of that team and return a string of Activity Party entries to be used in a Dataverse Email Activity.&#xA;&#xA;Be sure and edit the variable strParticipationTypeMask value if you want something other than TO (2). CC = 3 and BCC = 4">
      <JsonFileName>/Workflows/PAUTILPAChildFlowGetTeamMembersActivityPartyList-4B5EA8B3-D7CE-EB11-BACC-0022481E3AA5.json</JsonFileName>
      <Type>1</Type>
      <Subprocess>0</Subprocess>
      <Category>5</Category>
      <Mode>0</Mode>
      <Scope>4</Scope>
      <OnDemand>0</OnDemand>
      <TriggerOnCreate>0</TriggerOnCreate>
      <TriggerOnDelete>0</TriggerOnDelete>
      <AsyncAutodelete>0</AsyncAutodelete>
      <SyncWorkflowLogOnFailure>0</SyncWorkflowLogOnFailure>
      <StateCode>1</StateCode>
      <StatusCode>2</StatusCode>
      <RunAs>1</RunAs>
      <IsTransacted>1</IsTransacted>
      <IntroducedVersion>2021.06.14.1</IntroducedVersion>
      <IsCustomizable>1</IsCustomizable>
      <IsCustomProcessingStepAllowedForOtherPublishers>1</IsCustomProcessingStepAllowedForOtherPublishers>
      <PrimaryEntity>none</PrimaryEntity>
      <LocalizedNames>
        <LocalizedName languagecode="1033" description="PAUTIL.PA.ChildFlow.GetTeamMembersActivityPartyList" />
      </LocalizedNames>
      <Descriptions>
        <Description languagecode="1033" description="Pass in a GUID for a Team. Flow will get the members of that team and return a string of Activity Party entries to be used in a Dataverse Email Activity.&#xA;&#xA;Be sure and edit the variable strParticipationTypeMask value if you want something other than TO (2). CC = 3 and BCC = 4" />
      </Descriptions>
    </Workflow>
  </Workflows>
  <FieldSecurityProfiles></FieldSecurityProfiles>
  <Templates />
  <EntityMaps />
  <EntityRelationships />
  <OrganizationSettings />
  <optionsets />
  <CustomControls />
  <EntityDataProviders />
  <connectionreferences>
    <connectionreference connectionreferencelogicalname="pautil_CRDataversePAUtilitiesc95ea">
      <connectionreferencedisplayname>CR-Dataverse PAUtilities-c95ea</connectionreferencedisplayname>
      <connectorid>/providers/Microsoft.PowerApps/apis/shared_commondataserviceforapps</connectorid>
      <iscustomizable>1</iscustomizable>
      <statecode>0</statecode>
      <statuscode>1</statuscode>
    </connectionreference>
    <connectionreference connectionreferencelogicalname="pautil_sharedoffice365_c95ea">
      <connectionreferencedisplayname>CR-Office 365 Outlook PAUtilities-c95ea</connectionreferencedisplayname>
      <connectorid>/providers/Microsoft.PowerApps/apis/shared_office365</connectorid>
      <iscustomizable>1</iscustomizable>
      <statecode>0</statecode>
      <statuscode>1</statuscode>
    </connectionreference>
  </connectionreferences>
  <Languages>
    <Language>1033</Language>
  </Languages>
</ImportExportXml>